{"summary_FFN_maz-1423": [16.666666666666668, 6.18, 2.16, 50, 4.333333333333333, 8, 1.3333333333333333, 0.6666666666666666, 0.0, 0.16, 0.04, 0.26, 0.1, 0.12280701754385964, 0.14, 0.0, 0.04, 0.22, 0.12, 0.8936170212765957, 7.764286540121574, 2.6666666666666665, 0.0, 1.3333333333333333, 1.6666666666666667, 0.2441883687264262, 0.3871650129556656, 0.14280532328411938], "summary_FFN_maz-1453": [13.5, 5.7407407407407405, 2.0185185185185186, 108, 4.0, 5.625, 0.5, 0.125, 0.25, 0.12037037037037036, 0.046296296296296294, 0.25, 0.07407407407407407, 0.10743801652892562, 0.1388888888888889, 0.037037037037037035, 0.027777777777777776, 0.2222222222222222, 0.14814814814814814, 0.7128712871287128, 7.141183683079058, 1.625, 0.5, 1.5, 1.125, 0.16159166418084944, 0.34890852708901676, 0.09625366418289819], "summary_FFN_maz-1679": [15.166666666666666, 5.626373626373627, 1.9120879120879122, 91, 3.8333333333333335, 6, 0.8333333333333334, 0.3333333333333333, 0.0, 0.16483516483516483, 0.06593406593406594, 0.2087912087912088, 0.0989010989010989, 0.10784313725490197, 0.14285714285714285, 0.03296703296703297, 0.03296703296703297, 0.1978021978021978, 0.0989010989010989, 0.7529411764705882, 8.136224483698125, 2.5, 0.5, 1.1666666666666667, 1.0, 0.25286371291380877, 0.46812758180830216, 0.18948966059057662], "summary_FFN_maz-1757": [18.0, 5.597222222222222, 1.9375, 144, 5.5, 6, 0.875, 0.625, 0.0, 0.14583333333333334, 0.0625, 0.24305555555555555, 0.09027777777777778, 0.09433962264150944, 0.1597222222222222, 0.06944444444444445, 0.020833333333333332, 0.18055555555555555, 0.13194444444444445, 0.6764705882352942, 7.897459240975158, 2.625, 1.25, 2.375, 1.25, 0.1891464355300443, 0.26088047075565113, 0.21444577856275898], "summary_FFN_maz-1818": [15.0, 5.155555555555556, 1.8222222222222222, 45, 3.6666666666666665, 6, 1.0, 0.0, 0.0, 0.13333333333333333, 0.06666666666666667, 0.13333333333333333, 0.06666666666666667, 0.11764705882352941, 0.13333333333333333, 0.06666666666666667, 0.044444444444444446, 0.24444444444444444, 0.08888888888888889, 0.8571428571428571, 8.022267713002645, 2.0, 1.0, 1.3333333333333333, 2.0, 0.10754624692102273, 0.5891090035438538, 0.0629936760912339]}